Workbook

Sheet Données
B1: Interventions réalisées par les services d'incendie et de secours | C1: Interventions réalisées pour la lutte anti-incendie | D1: Camions citerne feu de forêt | E1: Effectifs sapeurs·euses-pompiers·ières | F1: Interventions par 100 effectifs | G1: Sources camions citernes & effectifs | H1: Commentaire année
A2: 2002 | B2: 3612340 | C2: 323241 | D2: 5117 | E2: 246111 | F2: =B2/E2*100 -> 1467.7686 | G2: https://www.interieur.gouv.fr/sites/minint/files/medias/documents/2025-09/Statistiques_2002.pdf
A3: 2003 | B3: 3727493 | C3: 394707 | D3: 5183 | E3: 250584 | F3: =B3/E3*100 -> 1487.5223 | G3: https://www.interieur.gouv.fr/archives/documentation/statistiques/securite-civile/2003.html
A4: 2004 | B4: 3559495 | C4: 334421 | D4: 5189 | E4: 256229 | F4: =B4/E4*100 -> 1389.1851 | G4: https://www.interieur.gouv.fr/archives/documentation/statistiques/securite-civile/2004.html
A5: 2005 | B5: 3608700 | C5: 376600 | E5: 254000 | F5: =B5/E5*100 -> 1420.748 | G5: https://www.interieur.gouv.fr/Publications/Statistiques/Securite-civile/2005
A6: 2006 | D6: =52*(18+22+23+20+13) -> 4992 | E6: 252400 | F6: =B6/E6*100 -> 0 | G6: https://www.interieur.gouv.fr/Publications/Statistiques/Securite-civile/2006 | H6: Calculé à partir d'une estimation des effectifs de CCF moyens
A7: 2007 | E7: 250400 | F7: =B7/E7*100 -> 0 | G7: https://www.interieur.gouv.fr/Publications/Statistiques/Securite-civile/2007
A8: 2008 | B8: 4002174 | C8: 309878 | D8: 4875 | E8: 249400 | F8: =B8/E8*100 -> 1604.7209 | G8: https://www.interieur.gouv.fr/fr/Publications/Statistiques/Securite-civile/2008
A9: 2009 | B9: 4250138 | C9: 343301 | D9: 4508 | E9: 249300 | F9: =B9/E9*100 -> 1704.8287 | G9: www.interieur.gouv.fr/Publications/Statistiques/Securite-civile/2009
A10: 2010 | B10: 4210225 | C10: 336867 | D10: 4447 | E10: 250000 | F10: =B10/E10*100 -> 1684.09 | G10: https://www.interieur.gouv.fr/Publications/Statistiques/Securite-civile/2010
A11: 2011 | B11: 4242244 | C11: 317909 | D11: 4370 | E11: 248300 | F11: =B11/E11*100 -> 1708.5155 | G11: https://www.interieur.gouv.fr/content/download/33405/249575/file/stats_sdis_2012_integral.pdf
A12: 2012 | B12: 4255174 | C12: 306871 | D12: 4288 | E12: 245800 | F12: =B12/E12*100 -> 1731.153 | G12: https://www.interieur.gouv.fr/content/download/66618/482460/file/2013-StatsSDIS13BD.pdf
A13: 2013 | B13: 4295533 | C13: 281908 | D13: 4155 | E13: 244900 | F13: =B13/E13*100 -> 1753.9947 | G13: https://www.interieur.gouv.fr/content/download/74955/549667/file/Plaquette2014BD.pdf
A14: 2014 | B14: 4294429 | C14: 270870 | D14: 4131 | E14: 246900 | F14: =B14/E14*100 -> 1739.3394 | G14: https://www.interieur.gouv.fr/content/download/90819/706317/file/StatsSDIS15BD.pdf
A15: 2015 | B15: 4453257 | C15: 300667 | D15: 4097 | E15: 246900 | F15: =B15/E15*100 -> 1803.6683 | G15: https://www.interieur.gouv.fr/content/download/99130/778947/file/statistiques%20SDIS%202016.pdf
A16: 2016 | B16: 4542357 | C16: 285661 | D16: 3914 | E16: 246800 | F16: =B16/E16*100 -> 1840.5012 | G16: https://www.interieur.gouv.fr/content/download/107875/857140/file/StatsSDIS17BD.pdf
A17: 2017 | B17: 4651476 | C17: 306625 | D17: 3830 | E17: 248000 | F17: =B17/E17*100 -> 1875.5952 | G17: https://www.interieur.gouv.fr/sites/minint/files/medias/documents/2025-09/plaquette-stats-sdis-2018.pdf
A18: 2018 | B18: 4913247 | C18: 304876 | D18: 3788 | E18: 249700 | F18: =B18/E18*100 -> 1967.66 | G18: https://www.interieur.gouv.fr/sites/minint/files/medias/documents/2025-09/StatsSDIS19BD.pdf
A19: 2019 | B19: 4821003 | C19: 315811 | D19: 3672 | E19: 253000 | F19: =B19/E19*100 -> 1905.5348 | G19: https://www.interieur.gouv.fr/sites/minint/files/medias/documents/2025-09/StatsSDIS20BD%281%29.pdf
... A24: 2024 | B24: 4754811 | C24: 220188 | D24: 3871 | E24: 256379 | F24: =B24/E24*100 -> 1854.6024 | G24: https://www.interieur.gouv.fr/sites/minint/files/medias/documents/2025-12/2025-12-Statistiques-SDIS25.pdf
A25: 2025 | B25: 4890000 | E25: 258641 | F25: =B25/E25*100 -> 1890.6515 | G25: https://www.securite-civile.interieur.gouv.fr/actualites/actualites/statistiques-des-services-dincendie-et-de-secours

Sheet Visualisation des données
B1: Surface brûlée (hectares) | C1: Camions citerne feu de forêt | D1: Interventions de la Sécurité civile par 100 effectifs
A2: 2008 | B2: 1694 | C2: 4875 | D2: =(Données!B8/Données!E8)*100 -> 1604.7209
A3: 2009 | B3: 7974 | C3: 4508 | D3: =(Données!B9/Données!E9)*100 -> 1704.8287
A4: 2010 | B4: 4653 | C4: 4447 | D4: =(Données!B10/Données!E10)*100 -> 1684.09
A5: 2011 | B5: 4831 | C5: 4370 | D5: =(Données!B11/Données!E11)*100 -> 1708.5155
A6: 2012 | B6: 3298 | C6: 4288 | D6: =(Données!B12/Données!E12)*100 -> 1731.153
A7: 2013 | B7: 891 | C7: 4155 | D7: =(Données!B13/Données!E13)*100 -> 1753.9947
A8: 2014 | B8: 4667 | C8: 4131 | D8: =(Données!B14/Données!E14)*100 -> 1739.3394
A9: 2015 | B9: 2046 | C9: 4097 | D9: =(Données!B15/Données!E15)*100 -> 1803.6683
A10: 2016 | B10: 10767 | C10: 3914 | D10: =(Données!B16/Données!E16)*100 -> 1840.5012
A11: 2017 | B11: 20626 | C11: 3830 | D11: =(Données!B17/Données!E17)*100 -> 1875.5952
A12: 2018 | B12: 2581 | C12: 3788 | D12: =(Données!B18/Données!E18)*100 -> 1967.66
A13: 2019 | B13: 43602 | C13: 3672 | D13: =(Données!B19/Données!E19)*100 -> 1905.5348
... A18: 2024 | B18: 12268 | C18: 3871 | D18: =(Données!B24/Données!E24)*100 -> 1854.6024
A19: 2025 | B19: 36951 | D19: =(Données!B25/Données!E25)*100 -> 1890.6515
A20: 2026 | B20: 92777

Sheet Sources
A1: Sources des données
A2: Interventions réalisées par les services d'incendie et de secours | B2: https://www.data.gouv.fr/datasets/interventions-realisees-par-les-services-d-incendie-et-de-secours
A3: Surface brûlée | B3: https://forest-fire.emergency.copernicus.eu/apps/effis.statistics/estimates
A4: Effectifs de la Sécurité civile | B4: Source indiquée pour chaque année
A5: Camions citernes | B5: Source indiquée pour chaque année
